node_id,timestamp,label
0,2,0
1,2,0
2,2,0
3,2,1
4,2,0
5,2,0
6,2,1
7,2,0
8,2,0
9,2,0
10,2,0
11,2,0
12,2,0
13,2,0
14,2,1
15,2,0
16,2,1
17,2,0
18,2,0
19,2,0
20,2,0
21,2,0
22,2,0
23,2,1
24,2,0
25,2,1
26,2,0
27,2,0
28,2,0
29,2,1
30,2,1
31,2,0
32,2,0
33,2,0
34,2,0
35,2,0
36,2,0
37,2,0
38,2,0
39,2,0
40,2,1
41,2,0
42,2,0
43,2,0
44,2,1
45,2,0
46,2,1
47,2,0
48,2,0
49,2,0
50,2,0
51,2,0
52,2,0
53,2,0
54,2,1
55,2,0
56,2,0
57,2,0
58,2,0
59,2,1
60,2,0
61,2,0
62,2,0
63,2,0
64,2,0
65,2,0
66,2,0
67,2,0
68,2,1
69,2,1
70,2,0
71,2,0
72,2,0
73,2,0
74,2,0
75,2,1
76,2,0
77,2,0
78,2,0
79,2,0
80,2,0
81,2,0
82,2,0
83,2,0
84,2,0
85,2,0
86,2,0
87,2,0
88,2,1
89,2,0
90,2,0
91,2,0
92,2,0
93,2,0
94,2,0
95,2,0
96,2,0
97,2,0
98,2,0
99,2,0
100,2,1
101,2,1
102,2,0
103,2,0
104,2,0
105,2,0
106,2,1
107,2,1
108,2,0
109,2,0
110,2,0
111,2,0
112,2,0
113,2,0
114,2,0
115,2,0
116,2,0
117,2,0
118,2,0
119,2,0
120,2,0
121,2,0
122,2,0
123,2,0
124,2,0
125,2,0
126,2,0
127,2,1
128,2,1
129,2,1
130,2,1
131,2,0
132,2,0
133,2,1
134,2,0
135,2,1
136,2,0
137,2,0
138,2,1
139,2,0
140,2,0
141,2,0
142,2,1
143,2,1
144,2,0
145,2,0
146,2,0
147,2,0
148,2,0
149,2,0
150,2,0
151,2,0
152,2,0
153,2,0
154,2,0
155,2,0
156,2,0
157,2,1
158,2,0
159,2,1
160,2,0
161,2,0
162,2,0
163,2,0
164,2,0
165,2,1
166,2,0
167,2,0
168,2,0
169,2,0
170,2,0
171,2,0
172,2,0
173,2,0
174,2,0
175,2,0
176,2,1
177,2,0
178,2,0
179,2,1
180,2,1
181,2,0
182,2,1
183,2,1
184,2,0
185,2,1
186,2,0
187,2,0
188,2,0
189,2,0
190,2,0
191,2,0
192,2,0
193,2,1
194,2,0
195,2,0
196,2,1
197,2,0
198,2,0
199,2,0
200,2,0
201,2,0
202,2,0
203,2,0
204,2,0
205,2,0
206,2,0
207,2,0
208,2,0
209,2,0
210,2,0
211,2,1
212,2,1
213,2,0
214,2,0
215,2,1
216,2,0
217,2,0
218,2,0
219,2,1
220,2,0
221,2,0
222,2,0
223,2,1
224,2,0
225,2,0
226,2,1
227,2,0
228,2,0
229,2,0
230,2,0
231,2,0
232,2,0
233,2,0
234,2,0
235,2,0
236,2,0
237,2,0
238,2,0
239,2,0
240,2,0
241,2,1
242,2,0
243,2,0
244,2,0
245,2,0
246,2,0
247,2,1
248,2,0
249,2,0
250,2,0
251,2,1
252,2,0
253,2,0
254,2,0
255,2,0
256,2,0
257,2,1
258,2,0
259,2,1
260,2,0
261,2,0
262,2,1
263,2,0
264,2,0
265,2,0
266,2,0
267,2,0
268,2,0
269,2,0
270,2,0
271,2,0
272,2,0
273,2,0
274,2,0
275,2,0
276,2,0
277,2,0
278,2,0
279,2,1
280,2,0
281,2,0
282,2,0
283,2,0
284,2,1
285,2,0
286,2,0
287,2,0
288,2,0
289,2,0
290,2,0
291,2,0
292,2,0
293,2,0
294,2,0
295,2,0
296,2,0
297,2,1
298,2,0
299,2,0
300,2,1
301,2,0
302,2,0
303,2,0
304,2,0
305,2,0
306,2,0
307,2,1
308,2,0
309,2,0
310,2,1
311,2,0
312,2,0
313,2,1
314,2,0
315,2,0
316,2,0
317,2,0
318,2,0
319,2,0
320,2,0
321,2,0
322,2,0
323,2,0
324,2,0
325,2,0
326,2,1
327,2,1
328,2,0
329,2,0
330,2,1
331,2,0
332,2,0
333,2,0
334,2,1
335,2,0
336,2,1
337,2,0
338,2,1
339,2,0
340,2,0
341,2,0
342,2,1
343,2,1
344,2,0
345,2,0
346,2,0
347,2,0
348,2,0
349,2,0
350,2,0
351,2,0
352,2,0
353,2,0
354,2,0
355,2,0
356,2,0
357,2,1
358,2,0
359,2,0
360,2,1
361,2,1
362,2,0
363,2,0
364,2,1
365,2,0
366,2,0
367,2,0
368,2,0
369,2,0
370,2,0
371,2,0
372,2,0
373,2,0
374,2,0
375,2,0
376,2,0
377,2,0
378,2,0
379,2,0
380,2,0
381,2,0
382,2,0
383,2,0
384,2,0
385,2,0
386,2,0
387,2,0
388,2,0
389,2,0
390,2,0
391,2,0
392,2,0
393,2,0
394,2,0
395,2,0
396,2,0
397,2,0
398,2,0
399,2,0
400,2,0
401,2,0
402,2,0
403,2,0
404,2,0
405,2,0
406,2,0
407,2,0
408,2,0
409,2,0
410,2,0
411,2,0
412,2,0
413,2,0
414,2,0
415,2,0
416,2,0
417,2,0
418,2,0
419,2,0
420,2,0
421,2,0
422,2,0
423,2,0
424,2,1
425,2,0
426,2,0
427,2,0
428,2,0
429,2,0
430,2,0
431,2,0
432,2,0
433,2,0
434,2,1
435,2,1
436,2,0
437,2,0
438,2,1
439,2,0
440,2,0
441,2,0
442,2,0
443,2,0
444,2,0
445,2,1
446,2,0
447,2,0
448,2,0
449,2,0
450,2,1
451,2,0
452,2,0
453,2,0
454,2,0
455,2,0
456,2,0
457,2,0
458,2,0
459,2,0
460,2,0
461,2,1
462,2,0
463,2,0
464,2,0
465,2,0
466,2,0
467,2,0
468,2,1
469,2,0
470,2,1
471,2,1
472,2,1
473,2,0
474,2,0
475,2,0
476,2,0
477,2,0
478,2,0
479,2,0
480,2,0
481,2,1
482,2,0
483,2,0
484,2,0
485,2,0
486,2,0
487,2,0
488,2,1
489,2,0
490,2,1
491,2,0
492,2,0
493,2,0
494,2,0
495,2,0
496,2,0
497,2,0
498,2,1
499,2,1
500,2,0
501,2,0
502,2,0
503,2,0
504,2,1
505,2,0
506,2,0
507,2,0
508,2,0
509,2,0
510,2,0
511,2,1
512,2,0
513,2,0
514,2,0
515,2,0
516,2,0
517,2,1
518,2,0
519,2,0
520,2,0
521,2,1
522,2,1
523,2,0
524,2,0
525,2,0
526,2,0
527,2,0
528,2,0
529,2,0
530,2,0
531,2,0
532,2,0
533,2,1
534,2,1
535,2,0
536,2,0
537,2,0
538,2,0
539,2,0
540,2,0
541,2,0
542,2,0
543,2,1
544,2,1
545,2,1
546,2,0
547,2,1
548,2,0
549,2,0
550,2,1
551,2,0
552,2,0
553,2,0
554,2,0
555,2,0
556,2,0
557,2,0
558,2,0
559,2,1
560,2,1
561,2,0
562,2,1
563,2,0
564,2,1
565,2,0
566,2,0
567,2,0
568,2,0
569,2,0
570,2,0
571,2,0
572,2,0
573,2,0
574,2,0
575,2,0
576,2,0
577,2,0
578,2,0
579,2,0
580,2,0
581,2,0
582,2,0
583,2,0
584,2,0
585,2,0
586,2,0
587,2,0
588,2,0
589,2,0
590,2,0
591,2,0
592,2,0
593,2,0
594,2,0
595,2,1
596,2,0
597,2,0
598,2,0
599,2,0
600,2,0
601,2,1
602,2,0
603,2,0
604,2,0
605,2,0
606,2,0
607,2,0
608,2,0
609,2,0
610,2,0
611,2,0
612,2,0
613,2,0
614,2,0
615,2,0
616,2,1
617,2,0
618,2,0
619,2,0
620,2,0
621,2,0
622,2,0
623,2,0
624,2,0
625,2,0
626,2,0
627,2,0
628,2,1
629,2,0
630,2,0
631,2,0
632,2,0
633,2,0
634,2,0
635,2,0
636,2,0
637,2,0
638,2,0
639,2,1
640,2,0
641,2,0
642,2,0
643,2,0
644,2,0
645,2,0
646,2,1
647,2,0
648,2,0
649,2,0
650,2,0
651,2,0
652,2,0
653,2,0
654,2,0
655,2,0
656,2,0
657,2,0
658,2,0
659,2,0
660,2,0
661,2,0
662,2,0
663,2,0
664,2,0
665,2,1
666,2,0
667,2,0
668,2,0
669,2,1
670,2,0
671,2,0
672,2,0
673,2,0
674,2,0
675,2,0
676,2,1
677,2,0
678,2,0
679,2,0
680,2,0
681,2,0
682,2,0
683,2,1
684,2,1
685,2,0
686,2,0
687,2,1
688,2,0
689,2,0
690,2,0
691,2,1
692,2,0
693,2,1
694,2,0
695,2,1
696,2,0
697,2,0
698,2,0
699,2,1
700,2,0
701,2,1
702,2,0
703,2,0
704,2,0
705,2,0
706,2,1
707,2,0
708,2,0
709,2,1
710,2,0
711,2,0
712,2,1
713,2,0
714,2,0
715,2,0
716,2,1
717,2,0
718,2,0
719,2,0
720,2,0
721,2,1
722,2,0
723,2,0
724,2,0
725,2,0
726,2,0
727,2,0
728,2,0
729,2,1
730,2,0
731,2,0
732,2,0
733,2,0
734,2,0
735,2,0
736,2,0
737,2,0
738,2,0
739,2,0
740,2,0
741,2,0
742,2,0
743,2,0
744,2,0
745,2,0
746,2,0
747,2,0
748,2,0
749,2,0
750,2,0
751,2,0
752,2,0
753,2,1
754,2,1
755,2,0
756,2,0
757,2,1
758,2,0
759,2,1
760,2,0
761,2,0
762,2,0
763,2,1
764,2,0
765,2,0
766,2,0
767,2,0
768,2,0
769,2,0
770,2,0
771,2,0
772,2,0
773,2,0
774,2,0
775,2,0
776,2,0
777,2,0
778,2,0
779,2,0
780,2,0
781,2,0
782,2,0
783,2,1
784,2,0
785,2,0
786,2,1
787,2,1
788,2,0
789,2,0
790,2,0
791,2,0
792,2,0
793,2,0
794,2,1
795,2,1
796,2,0
797,2,0
798,2,0
799,2,1
800,2,0
801,2,0
802,2,1
803,2,0
804,2,0
805,2,1
806,2,0
807,2,0
808,2,0
809,2,0
810,2,1
811,2,0
812,2,0
813,2,1
814,2,1
815,2,0
816,2,0
817,2,0
818,2,0
819,2,0
820,2,0
821,2,0
822,2,0
823,2,0
824,2,0
825,2,0
826,2,0
827,2,0
828,2,0
829,2,1
830,2,1
831,2,0
832,2,0
833,2,0
834,2,0
835,2,0
836,2,0
837,2,0
838,2,0
839,2,0
840,2,0
841,2,1
842,2,0
843,2,0
844,2,0
845,2,1
846,2,0
847,2,1
848,2,0
849,2,0
850,2,0
851,2,0
852,2,0
853,2,0
854,2,0
855,2,0
856,2,0
857,2,1
858,2,0
859,2,0
860,2,1
861,2,0
862,2,0
863,2,0
864,2,0
865,2,0
866,2,0
867,2,0
868,2,0
869,2,0
870,2,1
871,2,0
872,2,0
873,2,1
874,2,0
875,2,0
876,2,0
877,2,0
878,2,1
879,2,0
880,2,0
881,2,1
882,2,0
883,2,1
884,2,0
885,2,1
886,2,0
887,2,0
888,2,0
889,2,0
890,2,0
891,2,0
892,2,1
893,2,0
894,2,0
895,2,0
896,2,0
897,2,0
898,2,0
899,2,0
900,2,0
901,2,0
902,2,0
903,2,0
904,2,0
905,2,0
906,2,0
907,2,0
908,2,0
909,2,0
910,2,0
911,2,0
912,2,0
913,2,0
914,2,0
915,2,0
916,2,0
917,2,0
918,2,0
919,2,0
920,2,0
921,2,0
922,2,0
923,2,0
924,2,0
925,2,0
926,2,0
927,2,0
928,2,0
929,2,0
930,2,0
931,2,1
932,2,0
933,2,0
934,2,0
935,2,1
936,2,0
937,2,0
938,2,0
939,2,0
940,2,0
941,2,0
942,2,0
943,2,0
944,2,0
945,2,0
946,2,0
947,2,1
948,2,1
949,2,0
950,2,0
951,2,0
952,2,0
953,2,0
954,2,1
955,2,0
956,2,0
957,2,0
958,2,1
959,2,0
960,2,0
961,2,1
962,2,0
963,2,0
964,2,0
965,2,0
966,2,0
967,2,0
968,2,0
969,2,0
970,2,0
971,2,0
972,2,1
973,2,0
974,2,0
975,2,0
976,2,0
977,2,1
978,2,0
979,2,0
980,2,1
981,2,0
982,2,0
983,2,0
984,2,0
985,2,1
986,2,0
987,2,0
988,2,0
989,2,0
990,2,1
991,2,0
992,2,1
993,2,0
994,2,1
995,2,0
996,2,1
997,2,0
998,2,0
999,2,1
1000,2,0
1001,2,0
1002,2,0
1003,2,0
1004,2,0
1005,2,0
1006,2,0
1007,2,0
1008,2,0
1009,2,1
1010,2,1
1011,2,0
1012,2,0
1013,2,0
1014,2,0
1015,2,1
1016,2,0
1017,2,0
1018,2,0
1019,2,0
1020,2,0
1021,2,0
1022,2,0
1023,2,0
1024,2,0
1025,2,0
1026,2,1
1027,2,0
1028,2,0
1029,2,0
1030,2,0
1031,2,0
1032,2,0
1033,2,0
1034,2,0
1035,2,1
1036,2,0
1037,2,0
1038,2,0
1039,2,0
1040,2,0
1041,2,0
1042,2,0
1043,2,0
1044,2,0
1045,2,0
1046,2,0
1047,2,0
1048,2,0
1049,2,0
1050,2,0
1051,2,0
1052,2,0
1053,2,0
1054,2,0
1055,2,0
1056,2,0
1057,2,0
1058,2,0
1059,2,0
1060,2,0
1061,2,0
1062,2,0
1063,2,0
1064,2,0
1065,2,0
1066,2,0
1067,2,1
1068,2,0
1069,2,0
1070,2,0
1071,2,0
1072,2,1
1073,2,0
1074,2,0
1075,2,1
1076,2,0
1077,2,1
1078,2,0
1079,2,0
1080,2,0
1081,2,1
1082,2,0
1083,2,1
1084,2,0
1085,2,0
1086,2,0
1087,2,0
1088,2,0
1089,2,0
1090,2,1
1091,2,0
1092,2,0
1093,2,0
1094,2,0
1095,2,0
1096,2,0
1097,2,0
1098,2,0
1099,2,0
1100,2,0
1101,2,0
1102,2,0
1103,2,0
1104,2,0
1105,2,0
1106,2,0
1107,2,0
1108,2,0
1109,2,0
1110,2,0
1111,2,0
1112,2,0
1113,2,0
1114,2,0
1115,2,1
1116,2,0
1117,2,0
1118,2,0
1119,2,0
1120,2,0
1121,2,0
1122,2,0
1123,2,0
1124,2,0
1125,2,1
1126,2,0
1127,2,0
1128,2,0
1129,2,0
1130,2,0
1131,2,0
1132,2,0
1133,2,0
1134,2,0
1135,2,0
1136,2,1
1137,2,0
1138,2,0
1139,2,0
1140,2,1
1141,2,0
1142,2,0
1143,2,0
1144,2,0
1145,2,0
1146,2,0
1147,2,0
1148,2,0
1149,2,1
1150,2,0
1151,2,0
1152,2,0
1153,2,0
1154,2,0
1155,2,0
1156,2,0
1157,2,0
1158,2,0
1159,2,0
1160,2,0
1161,2,0
1162,2,0
1163,2,0
1164,2,0
1165,2,0
1166,2,0
1167,2,0
1168,2,1
1169,2,0
1170,2,0
1171,2,0
1172,2,0
1173,2,1
1174,2,0
1175,2,0
1176,2,0
1177,2,0
1178,2,0
1179,2,1
1180,2,0
1181,2,0
1182,2,0
1183,2,0
1184,2,0
1185,2,0
1186,2,0
1187,2,0
1188,2,0
1189,2,0
1190,2,0
1191,2,0
1192,2,0
1193,2,0
1194,2,0
1195,2,0
1196,2,0
1197,2,0
1198,2,0
1199,2,0
1200,2,0
1201,2,0
1202,2,0
1203,2,0
1204,2,0
1205,2,0
1206,2,0
1207,2,0
1208,2,0
1209,2,0
1210,2,0
1211,2,0
1212,2,0
1213,2,0
1214,2,0
1215,2,0
1216,2,0
1217,2,0
1218,2,1
1219,2,1
1220,2,0
1221,2,0
1222,2,0
1223,2,1
1224,2,0
1225,2,0
1226,2,0
1227,2,1
1228,2,0
1229,2,0
1230,2,0
1231,2,0
1232,2,0
1233,2,0
1234,2,1
1235,2,0
1236,2,1
1237,2,1
1238,2,0
1239,2,0
1240,2,0
1241,2,0
1242,2,0
1243,2,1
1244,2,0
1245,2,0
1246,2,0
1247,2,0
1248,2,0
1249,2,0
1250,2,1
1251,2,1
1252,2,0
1253,2,0
1254,2,0
1255,2,0
1256,2,0
1257,2,0
1258,2,0
1259,2,0
1260,2,0
1261,2,1
1262,2,1
1263,2,1
1264,2,0
1265,2,0
1266,2,0
1267,2,0
1268,2,0
1269,2,0
1270,2,0
1271,2,0
1272,2,0
1273,2,0
1274,2,0
1275,2,0
1276,2,0
1277,2,1
1278,2,0
1279,2,0
1280,2,0
1281,2,0
1282,2,0
1283,2,0
1284,2,1
1285,2,0
1286,2,0
1287,2,0
1288,2,0
1289,2,0
1290,2,0
1291,2,0
1292,2,0
1293,2,0
1294,2,0
1295,2,0
1296,2,0
1297,2,1
1298,2,0
1299,2,0
1300,2,0
1301,2,0
1302,2,0
1303,2,0
1304,2,0
1305,2,0
1306,2,0
1307,2,0
1308,2,0
1309,2,0
1310,2,0
1311,2,0
1312,2,0
1313,2,0
1314,2,0
1315,2,0
1316,2,0
1317,2,0
1318,2,0
1319,2,0
1320,2,0
1321,2,1
1322,2,0
1323,2,0
1324,2,1
1325,2,0
1326,2,0
1327,2,0
1328,2,0
1329,2,0
1330,2,0
1331,2,0
1332,2,0
1333,2,0
1334,2,0
1335,2,0
1336,2,0
1337,2,0
1338,2,0
1339,2,0
1340,2,0
1341,2,1
1342,2,0
1343,2,0
1344,2,1
1345,2,0
1346,2,0
1347,2,0
1348,2,0
1349,2,0
1350,2,1
1351,2,0
1352,2,0
1353,2,0
1354,2,0
1355,2,0
1356,2,0
1357,2,0
1358,2,0
1359,2,0
1360,2,0
1361,2,0
1362,2,0
1363,2,0
1364,2,0
1365,2,0
1366,2,0
1367,2,0
1368,2,0
1369,2,0
1370,2,0
1371,2,0
1372,2,0
1373,2,0
1374,2,0
1375,2,1
1376,2,0
1377,2,1
1378,2,0
1379,2,0
1380,2,0
1381,2,1
1382,2,0
1383,2,0
1384,2,0
1385,2,0
1386,2,0
1387,2,0
1388,2,0
1389,2,0
1390,2,0
1391,2,0
1392,2,0
1393,2,0
1394,2,0
1395,2,0
1396,2,0
1397,2,0
1398,2,0
1399,2,0
1400,2,0
1401,2,0
1402,2,0
1403,2,0
1404,2,0
1405,2,0
1406,2,0
1407,2,0
1408,2,0
1409,2,0
1410,2,0
1411,2,0
1412,2,1
1413,2,0
1414,2,0
1415,2,0
1416,2,0
1417,2,0
1418,2,0
1419,2,0
1420,2,0
1421,2,0
1422,2,0
1423,2,0
1424,2,0
1425,2,0
1426,2,1
1427,2,0
1428,2,1
1429,2,0
1430,2,0
1431,2,0
1432,2,0
1433,2,0
1434,2,0
1435,2,1
1436,2,0
1437,2,0
1438,2,1
1439,2,0
1440,2,0
1441,2,0
1442,2,0
1443,2,1
1444,2,1
1445,2,0
1446,2,1
1447,2,0
1448,2,0
1449,2,0
1450,2,0
1451,2,0
1452,2,0
1453,2,0
1454,2,0
1455,2,1
1456,2,0
1457,2,0
1458,2,0
1459,2,0
1460,2,0
1461,2,1
1462,2,0
1463,2,0
1464,2,0
1465,2,0
1466,2,1
1467,2,0
1468,2,0
1469,2,0
1470,2,0
1471,2,0
1472,2,0
1473,2,0
1474,2,0
1475,2,0
1476,2,0
1477,2,0
1478,2,0
1479,2,0
1480,2,0
1481,2,0
1482,2,1
1483,2,0
1484,2,0
1485,2,0
1486,2,0
1487,2,0
1488,2,0
1489,2,0
1490,2,0
1491,2,0
1492,2,0
1493,2,0
1494,2,0
1495,2,0
1496,2,0
1497,2,0
1498,2,1
1499,2,0
1500,2,0
1501,2,0
1502,2,0
1503,2,0
1504,2,0
1505,2,0
1506,2,0
1507,2,0
1508,2,1
1509,2,0
1510,2,0
1511,2,1
1512,2,0
1513,2,0
1514,2,0
1515,2,0
1516,2,0
1517,2,0
1518,2,0
1519,2,0
1520,2,0
1521,2,1
1522,2,1
1523,2,0
1524,2,0
1525,2,1
1526,2,0
1527,2,0
1528,2,0
1529,2,0
1530,2,0
1531,2,0
1532,2,0
1533,2,0
1534,2,0
1535,2,0
1536,2,1
1537,2,0
1538,2,0
1539,2,0
1540,2,0
1541,2,0
1542,2,0
1543,2,0
1544,2,0
1545,2,0
1546,2,0
1547,2,0
1548,2,0
1549,2,0
1550,2,0
1551,2,0
1552,2,0
1553,2,0
1554,2,0
1555,2,0
1556,2,1
1557,2,1
1558,2,0
1559,2,0
1560,2,0
1561,2,0
1562,2,1
1563,2,0
1564,2,0
1565,2,0
1566,2,0
1567,2,0
1568,2,1
1569,2,0
1570,2,0
1571,2,0
1572,2,0
1573,2,0
1574,2,0
1575,2,0
1576,2,0
1577,2,0
1578,2,0
1579,2,0
1580,2,1
1581,2,0
1582,2,0
1583,2,0
1584,2,0
1585,2,1
1586,2,0
1587,2,0
1588,2,0
1589,2,0
1590,2,0
1591,2,0
1592,2,0
1593,2,0
1594,2,0
1595,2,0
1596,2,1
1597,2,0
1598,2,0
1599,2,1
1600,2,0
1601,2,0
1602,2,0
1603,2,0
1604,2,0
1605,2,0
1606,2,1
1607,2,0
1608,2,0
1609,2,0
1610,2,0
1611,2,0
1612,2,1
1613,2,0
1614,2,0
1615,2,0
1616,2,1
1617,2,0
1618,2,0
1619,2,1
1620,2,0
1621,2,0
1622,2,0
1623,2,0
1624,2,0
1625,2,0
1626,2,0
1627,2,1
1628,2,0
1629,2,0
1630,2,0
1631,2,0
1632,2,0
1633,2,0
1634,2,0
1635,2,1
1636,2,0
1637,2,0
1638,2,0
1639,2,0
1640,2,1
1641,2,0
1642,2,0
1643,2,0
1644,2,1
1645,2,0
1646,2,0
1647,2,0
1648,2,1
1649,2,0
1650,2,0
1651,2,0
1652,2,0
1653,2,0
1654,2,0
1655,2,0
1656,2,0
1657,2,0
1658,2,1
1659,2,0
1660,2,0
1661,2,0
1662,2,1
1663,2,0
1664,2,0
1665,2,0
1666,2,0
1667,2,0
1668,2,1
1669,2,0
1670,2,0
1671,2,0
1672,2,0
1673,2,0
1674,2,0
1675,2,0
1676,2,1
1677,2,0
1678,2,0
1679,2,0
1680,2,1
1681,2,0
1682,2,0
1683,2,0
1684,2,0
1685,2,0
1686,2,0
1687,2,0
1688,2,0
1689,2,0
1690,2,0
1691,2,0
1692,2,0
1693,2,0
1694,2,0
1695,2,0
1696,2,0
1697,2,1
1698,2,0
1699,2,0
1700,2,1
1701,2,0
1702,2,0
1703,2,0
1704,2,0
1705,2,0
1706,2,0
1707,2,1
1708,2,0
1709,2,0
1710,2,0
1711,2,0
1712,2,0
1713,2,0
1714,2,0
1715,2,0
1716,2,0
1717,2,0
1718,2,0
1719,2,0
1720,2,0
1721,2,0
1722,2,0
1723,2,1
1724,2,1
1725,2,0
1726,2,0
1727,2,0
1728,2,0
1729,2,0
1730,2,1
1731,2,0
1732,2,0
1733,2,0
1734,2,0
1735,2,0
1736,2,0
1737,2,0
1738,2,0
1739,2,0
1740,2,1
1741,2,1
1742,2,0
1743,2,0
1744,2,0
1745,2,0
1746,2,0
1747,2,1
1748,2,0
1749,2,0
1750,2,0
1751,2,0
1752,2,0
1753,2,0
1754,2,1
1755,2,0
1756,2,0
1757,2,0
1758,2,0
1759,2,0
1760,2,1
1761,2,0
1762,2,0
1763,2,0
1764,2,0
1765,2,0
1766,2,1
1767,2,0
1768,2,0
1769,2,0
1770,2,0
1771,2,0
1772,2,0
1773,2,1
1774,2,0
1775,2,0
1776,2,0
1777,2,0
1778,2,0
1779,2,0
1780,2,0
1781,2,1
1782,2,0
1783,2,0
1784,2,0
1785,2,0
1786,2,0
1787,2,0
1788,2,0
1789,2,0
1790,2,0
1791,2,0
1792,2,0
1793,2,0
1794,2,0
1795,2,1
1796,2,0
1797,2,0
1798,2,0
1799,2,0
1800,2,1
1801,2,0
1802,2,0
1803,2,0
1804,2,0
1805,2,1
1806,2,0
1807,2,0
1808,2,0
1809,2,0
1810,2,0
1811,2,0
1812,2,0
1813,2,1
1814,2,0
1815,2,0
1816,2,0
1817,2,0
1818,2,0
1819,2,0
1820,2,1
1821,2,0
1822,2,0
1823,2,0
1824,2,0
1825,2,0
1826,2,0
1827,2,1
1828,2,0
1829,2,0
1830,2,0
1831,2,0
1832,2,1
1833,2,0
1834,2,1
1835,2,0
1836,2,0
1837,2,0
1838,2,0
1839,2,0
1840,2,0
1841,2,1
1842,2,0
1843,2,0
1844,2,0
1845,2,0
1846,2,0
1847,2,0
1848,2,0
1849,2,0
1850,2,0
1851,2,0
1852,2,0
1853,2,0
1854,2,0
1855,2,1
1856,2,0
1857,2,0
1858,2,0
1859,2,0
1860,2,1
1861,2,0
1862,2,0
1863,2,0
1864,2,0
1865,2,0
1866,2,0
1867,2,0
1868,2,0
1869,2,1
1870,2,0
1871,2,0
1872,2,0
1873,2,0
1874,2,0
1875,2,0
1876,2,0
1877,2,0
1878,2,1
1879,2,1
1880,2,0
1881,2,0
1882,2,0
1883,2,0
1884,2,0
1885,2,0
1886,2,0
1887,2,0
1888,2,1
1889,2,0
1890,2,0
1891,2,0
1892,2,0
1893,2,1
1894,2,1
1895,2,1
1896,2,0
1897,2,1
1898,2,0
1899,2,0
1900,2,0
1901,2,0
1902,2,0
1903,2,0
1904,2,0
1905,2,0
1906,2,0
1907,2,1
1908,2,0
1909,2,0
1910,2,0
1911,2,0
1912,2,0
1913,2,1
1914,2,0
1915,2,0
1916,2,0
1917,2,1
1918,2,1
1919,2,0
1920,2,0
1921,2,0
1922,2,0
1923,2,0
1924,2,0
1925,2,0
1926,2,0
1927,2,0
1928,2,0
1929,2,0
1930,2,0
1931,2,0
1932,2,0
1933,2,0
1934,2,0
1935,2,0
1936,2,1
1937,2,0
1938,2,0
1939,2,0
1940,2,0
1941,2,0
1942,2,0
1943,2,0
1944,2,0
1945,2,0
1946,2,0
1947,2,0
1948,2,0
1949,2,0
1950,2,0
1951,2,0
1952,2,0
1953,2,1
1954,2,0
1955,2,0
1956,2,1
1957,2,0
1958,2,1
1959,2,0
1960,2,0
1961,2,0
1962,2,0
1963,2,1
1964,2,0
1965,2,0
1966,2,0
1967,2,0
1968,2,0
1969,2,0
1970,2,1
1971,2,0
1972,2,0
1973,2,1
1974,2,0
1975,2,0
1976,2,0
1977,2,0
1978,2,0
1979,2,0
1980,2,0
1981,2,0
1982,2,1
1983,2,0
1984,2,0
1985,2,0
1986,2,0
1987,2,0
1988,2,0
1989,2,0
1990,2,1
1991,2,0
1992,2,0
1993,2,0
1994,2,0
1995,2,0
1996,2,0
1997,2,1
1998,2,0
1999,2,0
2000,2,1
2001,2,0
2002,2,0
2003,2,0
2004,2,0
2005,2,0
2006,2,0
2007,2,1
2008,2,0
2009,2,0
2010,2,0
2011,2,1
2012,2,0
2013,2,0
2014,2,0
2015,2,0
2016,2,0
2017,2,0
2018,2,0
2019,2,0
2020,2,0
2021,2,0
2022,2,0
2023,2,0
2024,2,0
2025,2,0
2026,2,0
2027,2,0
2028,2,0
2029,2,0
2030,2,0
2031,2,0
2032,2,0
2033,2,0
2034,2,0
2035,2,0
2036,2,1
2037,2,0
2038,2,1
2039,2,1
2040,2,0
2041,2,0
2042,2,0
2043,2,0
2044,2,0
2045,2,0
2046,2,0
2047,2,0
2048,2,0
2049,2,0
2050,2,0
2051,2,0
2052,2,0
2053,2,0
2054,2,0
2055,2,0
2056,2,0
2057,2,0
2058,2,0
2059,2,0
2060,2,0
2061,2,0
2062,2,0
2063,2,0
2064,2,0
2065,2,1
2066,2,0
2067,2,0
2068,2,0
2069,2,0
2070,2,0
2071,2,0
2072,2,0
2073,2,0
2074,2,0
2075,2,0
2076,2,0
2077,2,1
2078,2,0
2079,2,0
2080,2,0
2081,2,0
2082,2,0
2083,2,0
2084,2,0
2085,2,0
2086,2,0
2087,2,0
2088,2,0
2089,2,0
2090,2,1
2091,2,0
2092,2,0
2093,2,1
2094,2,0
2095,2,0
2096,2,0
2097,2,0
2098,2,1
2099,2,0
2100,2,1
2101,2,1
2102,2,0
2103,2,0
2104,2,1
2105,2,0
2106,2,1
2107,2,0
2108,2,0
2109,2,0
2110,2,0
2111,2,0
2112,2,1
2113,2,0
2114,2,0
2115,2,1
2116,2,0
2117,2,0
2118,2,0
2119,2,0
2120,2,0
2121,2,0
2122,2,0
2123,2,0
2124,2,1
2125,2,0
2126,2,0
2127,2,0
2128,2,0
2129,2,1
2130,2,0
2131,2,0
2132,2,1
2133,2,0
2134,2,0
2135,2,1
2136,2,0
2137,2,0
2138,2,1
2139,2,1
2140,2,0
2141,2,0
2142,2,0
2143,2,0
2144,2,1
2145,2,0
2146,2,0
2147,2,0
2148,2,0
2149,2,0
2150,2,0
2151,2,1
2152,2,0
2153,2,0
2154,2,0
2155,2,0
2156,2,0
2157,2,0
2158,2,0
2159,2,0
2160,2,0
2161,2,0
2162,2,0
2163,2,0
2164,2,1
2165,2,0
2166,2,0
2167,2,1
2168,2,0
2169,2,0
2170,2,0
2171,2,0
2172,2,0
2173,2,0
2174,2,0
2175,2,1
2176,2,0
2177,2,0
2178,2,0
2179,2,0
2180,2,0
2181,2,0
2182,2,1
2183,2,0
2184,2,0
2185,2,0
2186,2,0
2187,2,0
2188,2,1
2189,2,0
2190,2,0
2191,2,0
2192,2,0
2193,2,0
2194,2,1
2195,2,0
2196,2,0
2197,2,0
2198,2,1
2199,2,0
2200,2,1
2201,2,0
2202,2,0
2203,2,0
2204,2,0
2205,2,0
2206,2,0
2207,2,0
2208,2,0
2209,2,0
2210,2,0
2211,2,0
2212,2,0
2213,2,0
2214,2,0
2215,2,0
2216,2,0
2217,2,1
2218,2,1
2219,2,0
2220,2,0
2221,2,0
2222,2,0
2223,2,0
2224,2,0
2225,2,1
2226,2,0
2227,2,1
2228,2,0
2229,2,0
2230,2,0
2231,2,1
2232,2,0
2233,2,0
2234,2,1
2235,2,0
2236,2,0
2237,2,0
2238,2,0
2239,2,0
2240,2,0
2241,2,0
2242,2,0
2243,2,0
2244,2,0
2245,2,0
2246,2,0
2247,2,0
2248,2,1
2249,2,0
2250,2,0
2251,2,0
2252,2,1
2253,2,0
2254,2,1
2255,2,1
2256,2,0
2257,2,0
2258,2,0
2259,2,0
2260,2,0
2261,2,1
2262,2,0
2263,2,0
2264,2,0
2265,2,0
2266,2,0
2267,2,0
2268,2,0
2269,2,0
2270,2,0
2271,2,0
2272,2,1
2273,2,0
2274,2,0
2275,2,0
2276,2,0
2277,2,0
2278,2,0
2279,2,0
2280,2,0
2281,2,1
2282,2,0
2283,2,0
2284,2,0
2285,2,0
2286,2,0
2287,2,0
2288,2,0
2289,2,0
2290,2,0
2291,2,0
2292,2,0
2293,2,0
2294,2,0
2295,2,0
2296,2,0
2297,2,0
2298,2,0
2299,2,0
2300,2,0
2301,2,1
2302,2,0
2303,2,0
2304,2,0
2305,2,0
2306,2,0
2307,2,0
2308,2,0
2309,2,0
2310,2,0
2311,2,0
2312,2,0
2313,2,0
2314,2,1
2315,2,0
2316,2,0
2317,2,0
2318,2,0
2319,2,0
2320,2,0
2321,2,0
2322,2,0
2323,2,1
2324,2,0
2325,2,0
2326,2,0
2327,2,0
2328,2,0
2329,2,0
2330,2,0
2331,2,0
2332,2,0
2333,2,1
2334,2,0
2335,2,0
2336,2,0
2337,2,0
2338,2,0
2339,2,0
2340,2,0
2341,2,0
2342,2,0
2343,2,1
2344,2,0
2345,2,0
2346,2,0
2347,2,0
2348,2,1
2349,2,0
2350,2,0
2351,2,0
2352,2,0
2353,2,0
2354,2,0
2355,2,0
2356,2,0
2357,2,0
2358,2,0
2359,2,0
2360,2,0
2361,2,0
2362,2,0
2363,2,0
2364,2,0
2365,2,1
2366,2,0
2367,2,0
2368,2,0
2369,2,0
2370,2,0
2371,2,0
2372,2,1
2373,2,1
2374,2,0
2375,2,0
2376,2,1
2377,2,0
2378,2,0
2379,2,0
2380,2,0
2381,2,0
2382,2,1
2383,2,0
2384,2,0
2385,2,0
2386,2,0
2387,2,0
2388,2,0
2389,2,0
2390,2,0
2391,2,0
2392,2,0
2393,2,1
2394,2,0
2395,2,0
2396,2,0
2397,2,0
2398,2,0
2399,2,0
2400,2,0
2401,2,0
2402,2,0
2403,2,0
2404,2,1
2405,2,1
2406,2,0
2407,2,1
2408,2,0
2409,2,0
2410,2,0
2411,2,0
2412,2,0
2413,2,0
2414,2,0
2415,2,0
2416,2,0
2417,2,0
2418,2,1
2419,2,0
2420,2,0
2421,2,0
2422,2,0
2423,2,0
2424,2,1
2425,2,0
2426,2,0
2427,2,0
2428,2,0
2429,2,0
2430,2,0
2431,2,0
2432,2,0
2433,2,0
2434,2,0
2435,2,0
2436,2,0
2437,2,1
2438,2,0
2439,2,0
2440,2,0
2441,2,0
2442,2,0
2443,2,0
2444,2,0
2445,2,1
2446,2,0
2447,2,1
2448,2,0
2449,2,0
2450,2,0
2451,2,0
2452,2,1
2453,2,0
2454,2,0
2455,2,0
2456,2,0
2457,2,1
2458,2,0
2459,2,1
2460,2,0
2461,2,1
2462,2,0
2463,2,0
2464,2,1
2465,2,0
2466,2,0
2467,2,0
2468,2,0
2469,2,0
2470,2,0
2471,2,1
2472,2,1
2473,2,0
2474,2,0
2475,2,1
2476,2,1
2477,2,0
2478,2,0
2479,2,0
2480,2,0
2481,2,1
2482,2,0
2483,2,0
2484,2,0
2485,2,0
2486,2,0
2487,2,0
2488,2,0
2489,2,0
2490,2,0
2491,2,0
2492,2,0
2493,2,0
2494,2,0
2495,2,0
2496,2,1
2497,2,0
2498,2,0
2499,2,0
2500,2,0
2501,2,0
2502,2,0
2503,2,0
2504,2,0
2505,2,0
2506,2,0
2507,2,0
2508,2,0
2509,2,0
2510,2,0
2511,2,0
2512,2,0
2513,2,1
2514,2,1
2515,2,0
2516,2,1
2517,2,0
2518,2,0
2519,2,0
2520,2,1
2521,2,0
2522,2,1
2523,2,0
2524,2,1
2525,2,1
2526,2,0
2527,2,0
2528,2,0
2529,2,0
2530,2,0
2531,2,0
2532,2,0
2533,2,0
2534,2,0
2535,2,0
2536,2,0
2537,2,0
2538,2,0
2539,2,0
2540,2,0
2541,2,0
2542,2,0
2543,2,0
2544,2,1
2545,2,0
2546,2,0
2547,2,0
2548,2,0
2549,2,0
2550,2,0
2551,2,1
2552,2,0
2553,2,0
2554,2,0
2555,2,0
2556,2,0
2557,2,0
2558,2,0
2559,2,0
2560,2,0
2561,2,0
2562,2,0
2563,2,0
2564,2,0
2565,2,0
2566,2,0
2567,2,0
2568,2,0
2569,2,0
2570,2,0
2571,2,0
2572,2,0
2573,2,0
2574,2,0
2575,2,0
2576,2,0
2577,2,0
2578,2,0
2579,2,0
2580,2,0
2581,2,0
2582,2,0
2583,2,0
2584,2,1
2585,2,0
2586,2,0
2587,2,0
2588,2,1
2589,2,0
2590,2,0
2591,2,0
2592,2,0
2593,2,1
2594,2,0
2595,2,0
2596,2,1
2597,2,0
2598,2,0
2599,2,0
2600,2,0
2601,2,0
2602,2,0
2603,2,0
2604,2,0
2605,2,1
2606,2,0
2607,2,0
2608,2,0
2609,2,0
2610,2,1
2611,2,0
2612,2,0
2613,2,1
2614,2,0
2615,2,0
2616,2,0
2617,2,1
2618,2,0
2619,2,0
2620,2,0
2621,2,0
2622,2,0
2623,2,0
2624,2,0
2625,2,1
2626,2,0
2627,2,0
2628,2,0
2629,2,0
2630,2,0
2631,2,1
2632,2,1
2633,2,0
2634,2,1
2635,2,0
2636,2,1
2637,2,0
2638,2,0
2639,2,1
2640,2,0
2641,2,0
2642,2,0
2643,2,0
2644,2,1
2645,2,0
2646,2,0
2647,2,0
2648,2,1
2649,2,0
2650,2,0
2651,2,0
2652,2,0
2653,2,0
2654,2,0
2655,2,0
2656,2,1
2657,2,0
2658,2,0
2659,2,1
2660,2,1
2661,2,0
2662,2,1
2663,2,0
2664,2,0
2665,2,1
2666,2,0
2667,2,0
2668,2,0
2669,2,0
2670,2,0
2671,2,0
2672,2,0
2673,2,0
2674,2,0
2675,2,0
2676,2,1
2677,2,0
2678,2,0
2679,2,0
2680,2,1
2681,2,0
2682,2,0
2683,2,0
2684,2,1
2685,2,0
2686,2,0
2687,2,1
2688,2,0
2689,2,0
2690,2,0
2691,2,0
2692,2,0
2693,2,0
2694,2,0
2695,2,0
2696,2,0
2697,2,0
2698,2,0
2699,2,0
2700,2,0
2701,2,0
2702,2,0
2703,2,1
2704,2,0
2705,2,0
2706,2,0
2707,2,0
2708,2,0
2709,2,0
2710,2,0
2711,2,0
2712,2,0
2713,2,0
2714,2,0
2715,2,0
2716,2,1
2717,2,0
2718,2,0
2719,2,0
2720,2,0
2721,2,0
2722,2,0
2723,2,0
2724,2,0
2725,2,0
2726,2,0
2727,2,0
2728,2,0
2729,2,0
2730,2,0
2731,2,0
2732,2,0
2733,2,0
2734,2,0
2735,2,1
2736,2,0
2737,2,0
2738,2,0
2739,2,0
2740,2,0
2741,2,1
2742,2,0
2743,2,0
2744,2,0
2745,2,0
2746,2,1
2747,2,0
2748,2,0
2749,2,0
2750,2,0
2751,2,0
2752,2,0
2753,2,0
2754,2,0
2755,2,0
2756,2,0
2757,2,0
2758,2,1
2759,2,0
2760,2,0
2761,2,0
2762,2,1
2763,2,0
2764,2,0
2765,2,1
2766,2,0
2767,2,1
2768,2,0
2769,2,0
2770,2,0
2771,2,0
2772,2,0
2773,2,1
2774,2,0
2775,2,0
2776,2,0
2777,2,0
2778,2,0
2779,2,0
2780,2,1
2781,2,0
2782,2,0
2783,2,0
2784,2,0
2785,2,0
2786,2,0
2787,2,1
2788,2,0
2789,2,0
2790,2,0
2791,2,0
2792,2,0
2793,2,0
2794,2,0
2795,2,0
2796,2,0
2797,2,0
2798,2,0
2799,2,0
2800,2,0
2801,2,0
2802,2,0
2803,2,1
2804,2,0
2805,2,0
2806,2,0
2807,2,0
2808,2,0
2809,2,0
2810,2,0
2811,2,0
2812,2,0
2813,2,0
2814,2,0
2815,2,0
2816,2,1
2817,2,0
2818,2,0
2819,2,0
2820,2,0
2821,2,0
2822,2,0
2823,2,1
2824,2,0
2825,2,0
2826,2,0
2827,2,1
2828,2,0
2829,2,0
2830,2,0
2831,2,0
2832,2,0
2833,2,0
2834,2,0
2835,2,0
2836,2,0
2837,2,0
2838,2,1
2839,2,1
2840,2,0
2841,2,0
2842,2,1
2843,2,1
2844,2,0
2845,2,0
2846,2,0
2847,2,0
2848,2,0
2849,2,1
2850,2,0
2851,2,0
2852,2,0
2853,2,0
2854,2,0
2855,2,0
2856,2,1
2857,2,0
2858,2,0
2859,2,0
2860,2,0
2861,2,0
2862,2,0
2863,2,0
2864,2,0
2865,2,0
2866,2,0
2867,2,0
2868,2,1
2869,2,0
2870,2,0
2871,2,0
2872,2,0
2873,2,0
2874,2,0
2875,2,0
2876,2,0
2877,2,0
2878,2,0
2879,2,0
2880,2,0
2881,2,0
2882,2,0
2883,2,0
2884,2,0
2885,2,0
2886,2,1
2887,2,0
2888,2,0
2889,2,0
2890,2,0
2891,2,0
2892,2,1
2893,2,0
2894,2,0
2895,2,0
2896,2,0
2897,2,1
2898,2,0
2899,2,1
2900,2,0
2901,2,0
2902,2,0
2903,2,0
2904,2,0
2905,2,1
2906,2,1
2907,2,0
2908,2,0
2909,2,0
2910,2,1
2911,2,0
2912,2,0
2913,2,0
2914,2,0
2915,2,0
2916,2,0
2917,2,0
2918,2,0
2919,2,0
2920,2,0
2921,2,0
2922,2,0
2923,2,0
2924,2,0
2925,2,0
2926,2,1
2927,2,1
2928,2,0
2929,2,0
2930,2,0
2931,2,0
2932,2,0
2933,2,0
2934,2,0
2935,2,0
2936,2,0
2937,2,0
2938,2,0
2939,2,0
2940,2,0
2941,2,0
2942,2,0
2943,2,0
2944,2,0
2945,2,0
2946,2,0
2947,2,0
2948,2,0
2949,2,0
2950,2,0
2951,2,0
2952,2,0
2953,2,0
2954,2,0
2955,2,0
2956,2,0
2957,2,0
2958,2,0
2959,2,0
2960,2,0
2961,2,0
2962,2,0
2963,2,0
2964,2,0
2965,2,0
2966,2,1
2967,2,0
2968,2,0
2969,2,0
2970,2,0
2971,2,1
2972,2,0
2973,2,0
2974,2,0
2975,2,0
2976,2,0
2977,2,1
2978,2,0
2979,2,0
2980,2,0
2981,2,0
2982,2,0
2983,2,0
2984,2,0
2985,2,1
2986,2,0
2987,2,1
2988,2,0
2989,2,0
2990,2,0
2991,2,0
2992,2,1
2993,2,0
2994,2,0
2995,2,0
2996,2,0
2997,2,1
2998,2,0
2999,2,0
3000,2,0
3001,2,1
3002,2,0
3003,2,0
3004,2,0
3005,2,1
3006,2,0
3007,2,0
3008,2,0
3009,2,0
3010,2,1
3011,2,0
3012,2,0
3013,2,1
3014,2,0
3015,2,0
3016,2,0
3017,2,0
3018,2,0
3019,2,1
3020,2,0
3021,2,0
3022,2,0
3023,2,0
3024,2,0
3025,2,1
3026,2,0
3027,2,0
3028,2,0
3029,2,0
3030,2,1
3031,2,0
3032,2,1
3033,2,0
3034,2,0
3035,2,0
3036,2,0
3037,2,0
3038,2,0
3039,2,0
3040,2,0
3041,2,1
3042,2,0
3043,2,0
3044,2,0
3045,2,0
3046,2,0
3047,2,0
3048,2,0
3049,2,0
3050,2,0
3051,2,0
3052,2,0
3053,2,0
3054,2,0
3055,2,0
3056,2,0
3057,2,0
3058,2,0
3059,2,0
3060,2,1
3061,2,0
3062,2,0
3063,2,0
3064,2,1
3065,2,1
3066,2,0
3067,2,0
3068,2,0
3069,2,0
3070,2,0
3071,2,0
3072,2,0
3073,2,0
3074,2,0
3075,2,1
3076,2,0
3077,2,0
3078,2,0
3079,2,0
3080,2,0
3081,2,0
3082,2,0
3083,2,0
3084,2,0
3085,2,0
3086,2,0
3087,2,0
3088,2,0
3089,2,0
3090,2,0
3091,2,0
3092,2,0
3093,2,0
3094,2,0
3095,2,0
3096,2,1
3097,2,0
3098,2,0
3099,2,0
3100,2,0
3101,2,0
3102,2,1
3103,2,1
3104,2,0
3105,2,0
3106,2,1
3107,2,0
3108,2,0
3109,2,0
3110,2,0
3111,2,0
3112,2,0
3113,2,0
3114,2,0
3115,2,0
3116,2,0
3117,2,1
3118,2,0
3119,2,0
3120,2,0
3121,2,0
3122,2,0
3123,2,0
3124,2,0
3125,2,0
3126,2,0
3127,2,0
3128,2,0
3129,2,0
3130,2,0
3131,2,0
3132,2,0
3133,2,1
3134,2,0
3135,2,0
3136,2,0
3137,2,0
3138,2,0
3139,2,0
3140,2,1
3141,2,1
3142,2,0
3143,2,0
3144,2,0
3145,2,1
3146,2,0
3147,2,0
3148,2,0
3149,2,0
3150,2,1
3151,2,0
3152,2,0
3153,2,0
3154,2,0
3155,2,0
3156,2,0
3157,2,1
3158,2,0
3159,2,0
3160,2,0
3161,2,0
3162,2,0
3163,2,0
3164,2,0
3165,2,0
3166,2,0
3167,2,0
3168,2,0
3169,2,1
3170,2,0
3171,2,0
3172,2,0
3173,2,0
3174,2,0
3175,2,0
3176,2,0
3177,2,0
3178,2,0
3179,2,0
3180,2,1
3181,2,0
3182,2,0
3183,2,0
3184,2,1
3185,2,0
3186,2,0
3187,2,0
3188,2,1
3189,2,0
3190,2,0
3191,2,0
3192,2,0
3193,2,0
3194,2,0
3195,2,0
3196,2,0
3197,2,0
3198,2,0
3199,2,0
3200,2,0
3201,2,0
3202,2,0
3203,2,0
3204,2,0
3205,2,1
3206,2,1
3207,2,0
3208,2,0
3209,2,0
3210,2,0
3211,2,0
3212,2,1
3213,2,1
3214,2,0
3215,2,0
3216,2,0
3217,2,0
3218,2,0
3219,2,1
3220,2,0
3221,2,1
3222,2,0
3223,2,0
3224,2,0
3225,2,0
3226,2,1
3227,2,0
3228,2,0
3229,2,0
3230,2,0
3231,2,0
3232,2,1
3233,2,0
3234,2,0
3235,2,0
3236,2,0
3237,2,0
3238,2,0
3239,2,0
3240,2,0
3241,2,0
3242,2,0
3243,2,0
3244,2,0
3245,2,0
3246,2,0
3247,2,0
3248,2,0
3249,2,0
3250,2,0
3251,2,0
3252,2,0
3253,2,0
3254,2,0
3255,2,1
3256,2,0
3257,2,0
3258,2,0
3259,2,0
3260,2,0
3261,2,0
3262,2,0
3263,2,0
3264,2,1
3265,2,0
3266,2,1
3267,2,0
3268,2,0
3269,2,0
3270,2,1
3271,2,0
3272,2,0
3273,2,1
3274,2,0
3275,2,0
3276,2,0
3277,2,0
3278,2,0
3279,2,0
3280,2,0
3281,2,0
3282,2,0
3283,2,1
3284,2,0
3285,2,0
3286,2,1
3287,2,0
3288,2,0
3289,2,0
3290,2,0
3291,2,1
3292,2,0
3293,2,0
3294,2,0
3295,2,0
3296,2,0
3297,2,1
3298,2,0
3299,2,0
3300,2,0
3301,2,0
3302,2,0
3303,2,0
3304,2,1
3305,2,0
3306,2,0
3307,2,0
3308,2,1
3309,2,0
3310,2,0
3311,2,1
3312,2,0
3313,2,1
3314,2,0
3315,2,1
3316,2,0
3317,2,0
3318,2,0
3319,2,0
3320,2,0
3321,2,0
3322,2,0
3323,2,0
3324,2,0
3325,2,0
3326,2,0
3327,2,0
3328,2,0
3329,2,0
3330,2,0
3331,2,0
3332,2,0
3333,2,0
3334,2,0
3335,2,0
3336,2,0
3337,2,0
3338,2,0
3339,2,0
3340,2,0
3341,2,0
3342,2,0
3343,2,1
3344,2,0
3345,2,0
3346,2,1
3347,2,0
3348,2,0
3349,2,0
3350,2,0
3351,2,0
3352,2,0
3353,2,0
3354,2,0
3355,2,0
3356,2,0
3357,2,0
3358,2,0
3359,2,0
3360,2,1
3361,2,0
3362,2,0
3363,2,0
3364,2,0
3365,2,0
3366,2,0
3367,2,1
3368,2,0
3369,2,0
3370,2,0
3371,2,0
3372,2,0
3373,2,0
3374,2,0
3375,2,0
3376,2,0
3377,2,0
3378,2,0
3379,2,0
3380,2,0
3381,2,0
3382,2,0
3383,2,0
3384,2,1
3385,2,0
3386,2,0
3387,2,0
3388,2,0
3389,2,0
3390,2,0
3391,2,0
3392,2,1
3393,2,0
3394,2,0
3395,2,0
3396,2,0
3397,2,0
3398,2,0
3399,2,0
3400,2,1
3401,2,0
3402,2,0
3403,2,1
3404,2,0
3405,2,0
3406,2,0
3407,2,0
3408,2,0
3409,2,1
3410,2,0
3411,2,0
3412,2,0
3413,2,0
3414,2,0
3415,2,1
3416,2,1
3417,2,0
3418,2,1
3419,2,0
3420,2,0
3421,2,0
3422,2,0
3423,2,1
3424,2,1
3425,2,0
3426,2,0
3427,2,0
3428,2,1
3429,2,1
3430,2,0
3431,2,0
3432,2,0
3433,2,0
3434,2,1
3435,2,0
3436,2,1
3437,2,0
3438,2,0
3439,2,0
3440,2,0
3441,2,0
3442,2,1
3443,2,0
3444,2,0
3445,2,0
3446,2,0
3447,2,0
3448,2,0
3449,2,1
3450,2,0
3451,2,0
3452,2,1
3453,2,0
3454,2,1
3455,2,0
3456,2,0
3457,2,0
3458,2,1
3459,2,0
3460,2,0
3461,2,0
3462,2,1
3463,2,1
3464,2,0
3465,2,1
3466,2,0
3467,2,0
3468,2,0
3469,2,0
3470,2,0
3471,2,0
3472,2,1
3473,2,0
3474,2,0
3475,2,0
3476,2,0
3477,2,1
3478,2,0
3479,2,0
3480,2,0
3481,2,0
3482,2,0
3483,2,0
3484,2,1
3485,2,0
3486,2,1
3487,2,0
3488,2,0
3489,2,0
3490,2,0
3491,2,1
3492,2,1
3493,2,0
3494,2,0
3495,2,0
3496,2,0
3497,2,0
3498,2,0
3499,2,1
3500,2,0
3501,2,0
3502,2,0
3503,2,0
3504,2,0
3505,2,0
3506,2,0
3507,2,0
3508,2,0
3509,2,0
3510,2,0
3511,2,0
3512,2,0
3513,2,0
3514,2,0
3515,2,0
3516,2,0
3517,2,0
3518,2,1
3519,2,0
3520,2,0
3521,2,0
3522,2,0
3523,2,0
3524,2,0
3525,2,0
3526,2,0
3527,2,0
3528,2,0
3529,2,1
3530,2,0
3531,2,0
3532,2,0
3533,2,0
3534,2,0
3535,2,0
3536,2,0
3537,2,0
3538,2,1
3539,2,0
3540,2,0
3541,2,0
3542,2,0
3543,2,0
3544,2,0
3545,2,0
3546,2,1
3547,2,0
3548,2,0
3549,2,0
3550,2,0
3551,2,0
3552,2,0
3553,2,0
3554,2,0
3555,2,0
3556,2,0
3557,2,0
3558,2,0
3559,2,0
3560,2,1
3561,2,0
3562,2,0
3563,2,1
3564,2,0
3565,2,0
3566,2,0
3567,2,0
3568,2,1
3569,2,0
3570,2,0
3571,2,0
3572,2,0
3573,2,1
3574,2,0
3575,2,0
3576,2,0
3577,2,0
3578,2,0
3579,2,1
3580,2,0
3581,2,0
3582,2,0
3583,2,0
3584,2,0
3585,2,0
3586,2,0
3587,2,0
3588,2,0
3589,2,0
3590,2,0
3591,2,0
3592,2,0
3593,2,0
3594,2,0
3595,2,0
3596,2,0
3597,2,0
3598,2,0
3599,2,0
3600,2,0
3601,2,0
3602,2,0
3603,2,0
3604,2,0
3605,2,0
3606,2,0
3607,2,0
3608,2,0
3609,2,0
3610,2,0
3611,2,0
3612,2,0
3613,2,0
3614,2,0
3615,2,0
3616,2,0
3617,2,0
3618,2,0
3619,2,0
3620,2,0
3621,2,0
3622,2,1
3623,2,0
3624,2,1
3625,2,0
3626,2,0
3627,2,0
3628,2,0
3629,2,0
3630,2,0
3631,2,0
3632,2,0
3633,2,0
3634,2,1
3635,2,0
3636,2,0
3637,2,0
3638,2,1
3639,2,0
3640,2,0
3641,2,0
3642,2,1
3643,2,0
3644,2,0
3645,2,0
3646,2,0
3647,2,0
3648,2,0
3649,2,0
3650,2,0
3651,2,0
3652,2,0
3653,2,0
3654,2,0
3655,2,1
3656,2,1
3657,2,0
3658,2,0
3659,2,0
3660,2,0
3661,2,0
3662,2,0
3663,2,0
3664,2,0
3665,2,1
3666,2,0
3667,2,0
3668,2,0
3669,2,0
3670,2,0
3671,2,0
3672,2,1
3673,2,1
3674,2,0
3675,2,0
3676,2,0
3677,2,0
3678,2,0
3679,2,0
3680,2,0
3681,2,0
3682,2,0
3683,2,0
3684,2,0
3685,2,0
3686,2,0
3687,2,0
3688,2,0
3689,2,0
3690,2,1
3691,2,0
3692,2,1
3693,2,0
3694,2,0
3695,2,0
3696,2,1
3697,2,0
3698,2,0
3699,2,0
3700,2,0
3701,2,0
3702,2,0
3703,2,0
3704,2,0
3705,2,1
3706,2,0
3707,2,1
3708,2,0
3709,2,0
3710,2,0
3711,2,1
3712,2,0
3713,2,0
3714,2,0
3715,2,1
3716,2,0
3717,2,0
3718,2,1
3719,2,0
3720,2,1
3721,2,0
3722,2,0
3723,2,0
3724,2,0
3725,2,0
3726,2,0
3727,2,0
3728,2,0
3729,2,0
3730,2,0
3731,2,0
3732,2,0
3733,2,0
3734,2,0
3735,2,0
3736,2,0
3737,2,0
3738,2,0
3739,2,1
3740,2,0
3741,2,0
3742,2,0
3743,2,0
3744,2,0
3745,2,0
3746,2,0
3747,2,0
3748,2,0
3749,2,1
3750,2,0
3751,2,0
3752,2,0
3753,2,0
3754,2,0
3755,2,0
3756,2,1
3757,2,0
3758,2,0
3759,2,0
3760,2,0
3761,2,0
3762,2,0
3763,2,1
3764,2,0
3765,2,0
3766,2,0
3767,2,0
3768,2,0
3769,2,0
3770,2,0
3771,2,0
3772,2,0
3773,2,0
3774,2,0
3775,2,0
3776,2,0
3777,2,0
3778,2,0
3779,2,1
3780,2,1
3781,2,0
3782,2,0
3783,2,1
3784,2,1
3785,2,1
3786,2,0
3787,2,0
3788,2,0
3789,2,0
3790,2,1
3791,2,0
3792,2,0
3793,2,0
3794,2,0
3795,2,0
3796,2,0
3797,2,0
3798,2,1
3799,2,0
3800,2,0
3801,2,0
3802,2,0
3803,2,1
3804,2,1
3805,2,0
3806,2,0
3807,2,0
3808,2,0
3809,2,0
3810,2,1
3811,2,1
3812,2,0
3813,2,1
3814,2,0
3815,2,0
3816,2,1
3817,2,0
3818,2,0
3819,2,0
3820,2,1
3821,2,1
3822,2,0
3823,2,0
3824,2,0
3825,2,0
3826,2,0
